<?xml version="1.0" encoding="UTF-8"?>
<project-private xmlns="http://www.netbeans.org/ns/project-private/1">
    <editor-bookmarks xmlns="http://www.netbeans.org/ns/editor-bookmarks/2" lastBookmarkId="0"/>
    <open-files xmlns="http://www.netbeans.org/ns/projectui-open-files/2">
        <group>
            <file>file:/D:/Java/PRJ301-Project-Marathon/PRJ301-Project-Marathon/PRJ301_Project_Marathon/src/java/models/Account.java</file>
            <file>file:/D:/Java/PRJ301-Project-Marathon/PRJ301-Project-Marathon/PRJ301_Project_Marathon/web/views/header.jsp</file>
            <file>file:/D:/Java/PRJ301-Project-Marathon/PRJ301-Project-Marathon/PRJ301_Project_Marathon/web/views/footer.jsp</file>
            <file>file:/D:/Java/PRJ301-Project-Marathon/PRJ301-Project-Marathon/PRJ301_Project_Marathon/src/java/dal/AccountDAO.java</file>
            <file>file:/D:/Java/PRJ301-Project-Marathon/PRJ301-Project-Marathon/PRJ301_Project_Marathon/src/java/dal/RunnerDAO.java</file>
            <file>file:/D:/Java/PRJ301-Project-Marathon/PRJ301-Project-Marathon/PRJ301_Project_Marathon/web/index.html</file>
            <file>file:/D:/Java/PRJ301-Project-Marathon/PRJ301-Project-Marathon/PRJ301_Project_Marathon/web/views/signup.jsp</file>
            <file>file:/D:/Java/PRJ301-Project-Marathon/PRJ301-Project-Marathon/PRJ301_Project_Marathon/web/views/login.jsp</file>
            <file>file:/D:/Java/PRJ301-Project-Marathon/PRJ301-Project-Marathon/PRJ301_Project_Marathon/src/java/controllers/SignUpController.java</file>
            <file>file:/D:/Java/PRJ301-Project-Marathon/PRJ301-Project-Marathon/PRJ301_Project_Marathon/src/java/models/Runner.java</file>
            <file>file:/D:/Java/PRJ301-Project-Marathon/PRJ301-Project-Marathon/PRJ301_Project_Marathon/web/static/css/styles.css</file>
        </group>
    </open-files>
</project-private>
